keyword,type,category
best air fryer under 100,review,air fryer
best air fryer for family of 4,review,air fryer
ninja air fryer vs cosori,comparison,air fryer
best instant pot under 80,review,instant pot
best coffee grinder for french press,review,coffee
best pour over coffee maker,review,coffee
best knife set under 100,review,knives
best cast iron skillet for beginners,review,cookware
best blender for smoothies under 50,review,blender
vitamix vs ninja blender,comparison,blender
best food processor for small kitchen,review,food processor
best kitchen scale for baking,review,tools
best silicone baking mats,review,bakeware
best dutch oven under 100,review,cookware
best stand mixer for home baking,review,mixer
best toaster oven for toast and pizza,review,toaster oven
ninja foodi vs breville smart oven,comparison,toaster oven
best convection toaster oven under 150,review,toaster oven
best masticating juicer for celery,review,juicer
centrifugal vs masticating juicer,comparison,juicer
best compact juicer for small apartments,review,juicer
best electric indoor grill for steak,review,grill
george foreman vs ninja foodi grill,comparison,grill
best portable charcoal grill for camping,review,grill
best gooseneck kettle for pour over,review,coffee
electric vs stovetop gooseneck kettle,comparison,coffee
best milk frother for latte art,review,coffee
best handheld milk frother under 20,review,coffee
best burr coffee grinder under 50,review,coffee
best espresso machine for beginners,review,coffee
breville bambino vs delonghi dedica,comparison,coffee
best cold brew coffee maker,review,coffee
best reusable k-cups for keurig,review,coffee
best single serve coffee maker no pods,review,coffee
best non-stick frying pan under 50,review,cookware
ceramic vs teflon non-stick pans,comparison,cookware
best stainless steel cookware for gas stove,review,cookware
best carbon steel skillet for searing,review,cookware
lodge vs le creuset cast iron,comparison,cookware
best enamel dutch oven for sourdough,review,cookware
best copper core cookware set,review,cookware
best induction cooktop interface,review,cookware
best griddle for pancakes and eggs,review,cookware
best wok for stir fry at home,review,cookware
best bread machine for beginners,review,bakeware
zojirushi vs hamilton beach bread maker,comparison,bakeware
best glass baking dish with lid,review,bakeware
best muffin tin for non-stick baking,review,bakeware
best cooling racks for cookies,review,bakeware
best rolling pin for pie crust,review,bakeware
best digital meat thermometer for grilling,review,tools
meater vs instant read thermometer,comparison,tools
best garlic press that is easy to clean,review,tools
best vegetable peeler for potatoes,review,tools
best magnetic knife strip for small wall,review,tools
best sharpening stone for kitchen knives,review,tools
honing steel vs knife sharpener,comparison,tools
best kitchen shears for cutting chicken,review,tools
best mortar and pestle for guacamole,review,tools
best salad spinner for crispy greens,review,tools
best immersion blender for soups,review,blender
cuisinart vs bamix immersion blender,comparison,blender
best personal blender for protein shakes,review,blender
best vacuum sealer for food storage,review,tools
foodsaver vs nesco vacuum sealer,comparison,tools
best sous vide machine for beginners,review,tools
anova vs joule sous vide,comparison,tools
best rice cooker for small family,review,cooker
zojirushi vs tiger rice cooker,comparison,cooker
best slow cooker with programmable timer,review,cooker
crockpot vs ninja possiblepot,comparison,cooker
best air fryer toaster oven combo,review,air fryer
best glass air fryer for visibility,review,air fryer
best oil sprayer for air frying,review,tools
best parchment paper liners for air fryer,review,tools
best meat grinder for home burgers,review,tools
best pasta maker machine for beginners,review,tools
manual vs electric pasta maker,comparison,tools
best ravioli cutter and mold set,review,tools
best mandoline slicer with safety guard,review,tools
best salad dressing shaker and mixer,review,tools
best lemon squeezer and citrus juicer,review,tools
best measuring cups and spoons set,review,tools
best nesting mixing bowls with lids,review,tools
best over the sink colander,review,tools
best dish drying rack for small counter,review,organization
best bamboo drawer organizer for silverwear,review,organization
best spice rack for small pantry,review,organization
best stackable food storage containers,review,organization
glass vs plastic food storage,comparison,organization
best airtight cereal containers,review,organization
best magnetic paper towel holder,review,organization
best under cabinet wine glass rack,review,organization
best k-cup carousel for coffee station,review,organization
best lazy susan for corner cabinets,review,organization
best pot and pan organizer rack,review,organization
best knife block for mixed sets,review,tools
best electric knife for carving turkey,review,tools
best cheese board and knife set,review,tools
best pizza stone for crispy crust,review,bakeware
pizza stone vs pizza steel,comparison,bakeware
best outdoor pizza oven for backyard,review,cookware
ooni vs gozney pizza oven,comparison,cookware
best kitchen torch for creme brulee,review,tools
best whipped cream dispenser,review,tools
best ice cream maker for home use,review,tools
best soda maker for sparkling water,review,tools
sodastream vs aarke carbonator,comparison,tools
best electric wine bottle opener,review,tools
best wine decanter for aerating,review,tools
best cocktail shaker set for home bar,review,tools
best insulated tumbler for coffee,review,tools
yeti vs stanley tumbler,comparison,tools
best reusable silicone food bags,review,organization
best beeswax wraps for leftovers,review,organization
best compost bin for kitchen counter,review,tools
best touchless trash can for kitchen,review,organization
best dish soap dispenser for sink,review,organization
best scrub brush for cast iron,review,tools
best microfiber kitchen towels,review,tools
best oven mitts for high heat,review,tools
best apron with pockets for cooking,review,tools
best kitchen timer for loud environments,review,tools
best cabinet lighting for dark counters,review,organization
best meat claw for shredded pork,review,tools
best burger press for consistent patties,review,tools
best corn on the cob holders,review,tools
best taco holder stands for serving,review,tools
best tea infuser for loose leaf tea,review,coffee
best electric kettle with temperature control,review,coffee
best stovetop espresso maker moka pot,review,coffee
bialetti vs imusa moka pot,comparison,coffee
best french press for travel,review,coffee
best manual coffee grinder for camping,review,coffee
best coffee scale with timer,review,coffee
best coffee bean storage canister,review,coffee
best frothing pitcher for steaming milk,review,coffee
best reusable coffee filters for ninja,review,coffee
best hand mixer for mashed potatoes,review,mixer
best waffle maker for belgian waffles,review,bakeware
best mini waffle maker for snacks,review,bakeware
best crepe pan for thin pancakes,review,cookware
best griddle for induction cooktop,review,cookware
best splatter screen for frying pans,review,tools
best egg poacher for perfect eggs,review,tools
best hard boiled egg cooker,review,tools
best breakfast sandwich maker,review,tools
best yogurt maker for home use,review,tools
best food dehydrator for beef jerky,review,tools
best popcorn popper for stove top,review,tools
best electric popcorn maker,review,tools
best nut milk bag for almond milk,review,tools
best tofu press for extra firm tofu,review,tools
best garlic roaster for oven,review,tools
best potato ricer for smooth mash,review,tools
best pastry cutter for flaky crust,review,tools
best bench scraper for dough,review,tools
best banneton basket for sourdough,review,bakeware
best lame for scoring bread,review,bakeware
best cupcake carrier for transport,review,bakeware
best cake decorating kit for beginners,review,bakeware
best offset spatula for frosting,review,bakeware
best cookie scoops for even baking,review,bakeware
best piping bags and tips set,review,bakeware
best donut pan for oven baking,review,bakeware
best tart pan with removable bottom,review,bakeware
best springform pan for cheesecake,review,bakeware
best cooling rack for large batches,review,bakeware
best sifter for flour and sugar,review,bakeware
best magnetic measuring spoons,review,tools
best clip on pot strainer,review,tools
best herb scissors for fresh herbs,review,tools
best avocado slicer and pitter,review,tools
best strawberry huller tool,review,tools
best cherry pitter for baking,review,tools
best apple slicer and corer,review,tools
best spiralizer for zucchini noodles,review,tools
best can opener that leaves smooth edges,review,tools
best jar opener for weak hands,review,tools
best wine stopper for unfinished bottles,review,tools
best beer bottle opener for bar,review,tools
best ice cube trays with lids,review,tools
best nugget ice maker for home,review,tools
best wine fridge for small spaces,review,organization
best beverage cooler for cans,review,organization
best magnetic fridge organizer,review,organization
best hanging fruit basket for kitchen,review,organization
best stackable wine rack for pantry,review,organization
best cereal dispenser for kids,review,organization
best rice dispenser for bulk storage,review,organization
best flour and sugar canisters,review,organization
best chalkboard labels for jars,review,organization
best label maker for pantry organization,review,organization